-0.0270249999999989,-23.4
-0.019824953919704,-21.47
-0.0126249078394091,-19.39
-0.00542486175911418,-17.32
0.00177518432118073,-15.42
0.00897523040147565,-13.84
0.0161752764817706,-12.67
0.0233753225620655,-11.95
0.0305753686423604,-11.69
0.0377754147226553,-11.87
0.0449754608029502,-12.4
0.0521755068832451,-13.19
0.05937555296354,-14.17
0.066575599043835,-15.23
0.0737756451241299,-16.33
0.0809756912044248,-17.43
0.0881757372847197,-18.51
0.0953757833650146,-19.57
0.10257582944531,-20.59
0.109775875525604,-21.6
0.116975921605899,-22.6
0.124175967686194,-23.61
0.131376013766489,-24.67
0.138576059846784,-25.78
0.145776105927079,-26.94
0.152976152007374,-28.16
0.160176198087669,-29.42
0.167376244167964,-30.72
0.174576290248259,-32.04
0.181776336328554,-33.35
0.188976382408849,-34.61
0.196176428489143,-35.81
0.203376474569438,-36.92
0.210576520649733,-37.93
0.217776566730028,-38.86
0.224976612810323,-39.7
0.232176658890618,-40.48
0.239376704970913,-41.22
0.246576751051208,-41.93
0.253776797131503,-42.64
0.260976843211798,-43.36
0.268176889292093,-44.11
0.275376935372387,-44.89
0.282576981452682,-45.7
0.289777027532977,-46.53
0.296977073613272,-47.38
0.304177119693567,-48.26
0.311377165773862,-49.16
0.318577211854157,-50.07
0.325777257934452,-50.99
0.332977304014747,-51.9
0.340177350095042,-52.8
0.347377396175337,-53.68
0.354577442255632,-54.52
0.361777488335926,-55.32
0.368977534416221,-56.04
0.376177580496516,-56.69
0.383377626576811,-57.28
0.390577672657106,-57.82
0.397777718737401,-58.31
0.404977764817696,-58.76
0.412177810897991,-59.19
0.419377856978286,-59.63
0.426577903058581,-60.09
0.433777949138876,-60.58
0.44097799521917,-61.09
0.448178041299465,-61.64
0.45537808737976,-62.23
0.462578133460055,-62.86
0.46977817954035,-63.55
0.476978225620645,-64.28
0.48417827170094,-65.05
0.491378317781235,-65.85
0.49857836386153,-66.67
0.505778409941825,-67.49
0.51297845602212,-68.32
0.520178502102415,-69.15
0.527378548182709,-69.96
0.534578594263004,-70.76
0.541778640343299,-71.54
0.548978686423594,-72.3
0.556178732503889,-73.06
0.563378778584184,-73.8
0.570578824664479,-74.52
0.577778870744774,-75.2
0.584978916825069,-75.84
0.592178962905364,-76.43
0.599379008985659,-76.99
0.606579055065953,-77.52
0.613779101146248,-78.01
0.620979147226543,-78.47
0.628179193306838,-78.92
0.635379239387133,-79.37
0.642579285467428,-79.85
0.649779331547723,-80.35
0.656979377628018,-80.89
0.664179423708313,-81.46
0.671379469788608,-82.05
0.678579515868903,-82.65
0.685779561949198,-83.26
0.692979608029493,-83.87
0.700179654109787,-84.47
0.707379700190082,-85.05
0.714579746270377,-85.61
0.721779792350672,-86.15
0.728979838430967,-86.67
0.736179884511262,-87.19
0.743379930591557,-87.69
0.750579976671852,-88.18
0.757780022752147,-88.64
0.764980068832442,-89.08
0.772180114912736,-89.51
0.779380160993032,-89.93
0.786580207073326,-90.36
0.793780253153621,-90.79
0.800980299233916,-91.23
0.808180345314211,-91.66
0.815380391394506,-92.09
0.822580437474801,-92.5
0.829780483555096,-92.88
0.836980529635391,-93.22
0.844180575715686,-93.52
0.851380621795981,-93.8
0.858580667876275,-94.05
0.86578071395657,-94.28
0.872980760036865,-94.52
0.88018080611716,-94.75
0.887380852197455,-94.98
0.89458089827775,-95.22
0.901780944358045,-95.45
0.90898099043834,-95.69
0.916181036518635,-95.94
0.92338108259893,-96.19
0.930581128679225,-96.48
0.937781174759519,-96.82
0.944981220839815,-97.2
0.952181266920109,-97.64
0.959381313000404,-98.13
0.966581359080699,-98.65
0.973781405160994,-99.22
0.980981451241289,-99.8
0.988181497321584,-100.39
0.995381543401879,-100.97
1.00258158948217,-101.52
1.00978163556247,-102.04
1.01698168164276,-102.51
1.02418172772306,-102.94
1.03138177380335,-103.3
1.03858181988365,-103.59
1.04578186596394,-103.81
1.05298191204424,-103.99
1.06018195812453,-104.12
1.06738200420483,-104.23
1.07458205028512,-104.34
1.08178209636542,-104.47
1.08898214244571,-104.63
1.09618218852601,-104.81
1.1033822346063,-105
1.1105822806866,-105.2
1.11778232676689,-105.41
1.12498237284719,-105.61
1.13218241892748,-105.82
1.13938246500778,-106.03
1.14658251108807,-106.28
1.15378255716837,-106.57
1.16098260324866,-106.95
1.16818264932896,-107.4
1.17538269540925,-107.92
1.18258274148955,-108.51
1.18978278756984,-109.13
1.19698283365014,-109.77
1.20418287973043,-110.4
1.21138292581073,-110.98
1.21858297189102,-111.5
1.22578301797132,-111.94
1.23298306405161,-112.31
1.24018311013191,-112.61
1.2473831562122,-112.88
1.2545832022925,-113.15
1.26178324837279,-113.43
1.26898329445309,-113.74
1.27618334053338,-114.1
1.28338338661368,-114.49
1.29058343269397,-114.91
1.29778347877426,-115.33
1.30498352485456,-115.73
1.31218357093486,-116.09
1.31938361701515,-116.4
1.32658366309544,-116.66
1.33378370917574,-116.88
1.34098375525603,-117.08
1.34818380133633,-117.27
1.35538384741662,-117.46
1.36258389349692,-117.66
1.36978393957721,-117.9
1.37698398565751,-118.19
1.3841840317378,-118.53
1.3913840778181,-118.94
1.39858412389839,-119.4
1.40578416997869,-119.91
1.41298421605898,-120.45
1.42018426213928,-121.01
1.42738430821957,-121.55
1.43458435429987,-122.06
1.44178440038016,-122.53
1.44898444646046,-122.95
1.45618449254075,-123.35
1.46338453862105,-123.72
1.47058458470134,-124.06
1.47778463078164,-124.39
1.48498467686193,-124.68
1.49218472294223,-124.94
1.49938476902252,-125.16
1.50658481510282,-125.33
1.51378486118311,-125.47
1.52098490726341,-125.58
1.5281849533437,-125.69
1.535384999424,-125.83
1.54258504550429,-126
1.54978509158459,-126.23
1.55698513766488,-126.5
1.56418518374518,-126.8
1.57138522982547,-127.12
1.57858527590577,-127.44
1.58578532198606,-127.72
1.59298536806636,-127.95
1.60018541414665,-128.12
1.60738546022695,-128.23
1.61458550630724,-128.3
1.62178555238754,-128.35
1.62898559846783,-128.41
1.63618564454813,-128.5
1.64338569062842,-128.63
1.65058573670872,-128.83
1.65778578278901,-129.1
1.66498582886931,-129.44
1.6721858749496,-129.86
1.6793859210299,-130.34
1.68658596711019,-130.88
1.69378601319049,-131.44
1.70098605927078,-132.02
1.70818610535108,-132.6
1.71538615143137,-133.16
1.72258619751166,-133.69
1.72978624359196,-134.14
1.73698628967225,-134.5
1.74418633575255,-134.78
1.75138638183284,-134.98
1.75858642791314,-135.14
1.76578647399343,-135.26
1.77298652007373,-135.36
1.78018656615402,-135.48
1.78738661223432,-135.65
1.79458665831461,-135.86
1.80178670439491,-136.14
1.8089867504752,-136.45
1.8161867965555,-136.79
1.82338684263579,-137.14
1.83058688871609,-137.48
1.83778693479638,-137.78
1.84498698087668,-138.05
1.85218702695697,-138.26
1.85938707303727,-138.44
1.86658711911756,-138.58
1.87378716519786,-138.71
1.88098721127815,-138.84
1.88818725735845,-138.98
1.89538730343874,-139.15
1.90258734951904,-139.34
1.90978739559933,-139.54
1.91698744167963,-139.75
1.92418748775992,-139.93
1.93138753384022,-140.08
1.93858757992051,-140.2
1.94578762600081,-140.28
1.9529876720811,-140.34
1.9601877181614,-140.39
1.96738776424169,-140.44
1.97458781032199,-140.53
1.98178785640228,-140.67
1.98898790248258,-140.87
1.99618794856287,-141.13
2.00338799464317,-141.44
2.01058804072346,-141.77
2.01778808680376,-142.13
2.02498813288405,-142.49
2.03218817896435,-142.86
2.03938822504464,-143.22
2.04658827112494,-143.57
2.05378831720523,-143.91
2.06098836328553,-144.24
2.06818840936582,-144.55
2.07538845544612,-144.83
2.08258850152641,-145.06
2.08978854760671,-145.24
2.096988593687,-145.38
2.1041886397673,-145.49
2.11138868584759,-145.59
2.11858873192789,-145.7
2.12578877800818,-145.85
2.13298882408847,-146.04
2.14018887016877,-146.27
2.14738891624906,-146.54
2.15458896232936,-146.8
2.16178900840965,-147.04
2.16898905448995,-147.24
2.17618910057024,-147.38
2.18338914665054,-147.48
2.19058919273083,-147.54
2.19778923881113,-147.58
2.20498928489142,-147.64
2.21218933097172,-147.73
2.21938937705201,-147.87
2.22658942313231,-148.06
2.2337894692126,-148.29
2.2409895152929,-148.54
2.24818956137319,-148.82
2.25538960745349,-149.11
2.26258965353378,-149.41
2.26978969961408,-149.7
2.27698974569437,-149.99
2.28418979177467,-150.28
2.29138983785496,-150.57
2.29858988393526,-150.85
2.30578993001555,-151.11
2.31298997609585,-151.34
2.32019002217614,-151.52
2.32739006825644,-151.64
2.33459011433673,-151.71
2.34179016041703,-151.74
2.34899020649732,-151.74
2.35619025257762,-151.72
2.36339029865791,-151.69
2.37059034473821,-151.68
2.3777903908185,-151.73
2.3849904368988,-151.84
2.39219048297909,-152.02
2.39939052905939,-152.25
2.40659057513968,-152.53
2.41379062121998,-152.82
2.42099066730027,-153.09
2.42819071338057,-153.32
2.43539075946086,-153.48
2.44259080554116,-153.55
2.44979085162145,-153.54
2.45699089770175,-153.46
2.46419094378204,-153.33
2.47139098986234,-153.18
2.47859103594263,-153.03
2.48579108202293,-152.9
2.49299112810322,-152.77
2.50019117418352,-152.65
2.50739122026381,-152.52
2.51459126634411,-152.38
2.5217913124244,-152.22
2.5289913585047,-152.04
2.53619140458499,-151.84
2.54339145066529,-151.61
2.55059149674558,-151.37
2.55779154282588,-151.14
2.56499158890617,-150.92
2.57219163498646,-150.75
2.57939168106676,-150.62
2.58659172714705,-150.54
2.59379177322735,-150.53
2.60099181930764,-150.57
2.60819186538794,-150.64
2.61539191146823,-150.72
2.62259195754853,-150.79
2.62979200362882,-150.82
2.63699204970912,-150.8
2.64419209578941,-150.73
2.65139214186971,-150.61
2.65859218795,-150.46
2.6657922340303,-150.3
2.67299228011059,-150.14
2.68019232619089,-149.98
2.68739237227118,-149.84
2.69459241835148,-149.69
2.70179246443177,-149.54
2.70899251051207,-149.38
2.71619255659236,-149.2
2.72339260267266,-149
2.73059264875295,-148.81
2.73779269483325,-148.63
2.74499274091354,-148.48
2.75219278699384,-148.37
2.75939283307413,-148.31
2.76659287915443,-148.29
2.77379292523472,-148.31
2.78099297131502,-148.37
2.78819301739531,-148.43
2.79539306347561,-148.5
2.8025931095559,-148.57
2.8097931556362,-148.62
2.81699320171649,-148.67
2.82419324779679,-148.7
2.83139329387708,-148.72
2.83859333995738,-148.74
2.84579338603767,-148.75
2.85299343211797,-148.76
2.86019347819826,-148.77
2.86739352427856,-148.8
2.87459357035885,-148.84
2.88179361643915,-148.9
2.88899366251944,-149
2.89619370859974,-149.11
2.90339375468003,-149.23
2.91059380076033,-149.33
2.91779384684062,-149.39
2.92499389292092,-149.39
2.93219393900121,-149.34
2.93939398508151,-149.24
2.9465940311618,-149.08
2.95379407724209,-148.9
2.96099412332239,-148.71
2.96819416940269,-148.54
2.97539421548298,-148.4
2.98259426156328,-148.3
2.98979430764357,-148.24
2.99699435372386,-148.19
3.00419439980416,-148.16
3.01139444588445,-148.15
3.01859449196475,-148.16
3.02579453804504,-148.2
3.03299458412534,-148.28
3.04019463020563,-148.41
3.04739467628593,-148.59
3.05459472236622,-148.79
3.06179476844652,-149.01
3.06899481452681,-149.24
3.07619486060711,-149.46
3.0833949066874,-149.65
3.0905949527677,-149.8
3.09779499884799,-149.89
3.10499504492829,-149.94
3.11219509100858,-149.95
3.11939513708888,-149.94
3.12659518316917,-149.9
3.13379522924947,-149.83
3.14099527532976,-149.75
3.14819532141006,-149.67
3.15539536749035,-149.61
3.16259541357065,-149.59
3.16979545965094,-149.61
3.17699550573124,-149.68
3.18419555181153,-149.81
3.19139559789183,-149.99
3.19859564397212,-150.22
3.20579569005242,-150.47
3.21299573613271,-150.72
3.22019578221301,-150.95
3.2273958282933,-151.15
3.2345958743736,-151.33
3.24179592045389,-151.49
3.24899596653419,-151.65
3.25619601261448,-151.82
3.26339605869478,-152.03
3.27059610477507,-152.31
3.27779615085537,-152.66
3.28499619693566,-153.05
3.29219624301596,-153.48
3.29939628909625,-153.9
3.30659633517655,-154.31
3.31379638125684,-154.69
3.32099642733714,-155.01
3.32819647341743,-155.26
3.33539651949773,-155.43
3.34259656557802,-155.54
3.34979661165832,-155.61
3.35699665773861,-155.66
3.36419670381891,-155.69
3.3713967498992,-155.74
3.3785967959795,-155.81
3.38579684205979,-155.92
3.39299688814008,-156.09
3.40019693422038,-156.29
3.40739698030067,-156.53
3.41459702638097,-156.8
3.42179707246126,-157.06
3.42899711854156,-157.32
3.43619716462185,-157.58
3.44339721070215,-157.82
3.45059725678244,-158.04
3.45779730286274,-158.27
3.46499734894303,-158.49
3.47219739502333,-158.71
3.47939744110362,-158.95
3.48659748718392,-159.22
3.49379753326421,-159.51
3.50099757934451,-159.8
3.5081976254248,-160.09
3.5153976715051,-160.36
3.52259771758539,-160.62
3.52979776366569,-160.86
3.53699780974598,-161.07
3.54419785582628,-161.26
3.55139790190657,-161.45
3.55859794798687,-161.65
3.56579799406716,-161.87
3.57299804014746,-162.12
3.58019808622775,-162.4
3.58739813230805,-162.69
3.59459817838834,-162.97
3.60179822446864,-163.25
3.60899827054893,-163.5
3.61619831662923,-163.73
3.62339836270952,-163.94
3.63059840878982,-164.15
3.63779845487011,-164.35
3.64499850095041,-164.56
3.6521985470307,-164.78
3.659398593111,-165.01
3.66659863919129,-165.25
3.67379868527159,-165.49
3.68099873135188,-165.74
3.68819877743218,-165.98
3.69539882351247,-166.21
3.70259886959277,-166.44
3.70979891567306,-166.69
3.71699896175336,-166.95
3.72419900783365,-167.23
3.73139905391395,-167.51
3.73859909999424,-167.78
3.74579914607454,-168.06
3.75299919215483,-168.33
3.76019923823513,-168.61
3.76739928431542,-168.9
3.77459933039572,-169.19
3.78179937647601,-169.48
3.7889994225563,-169.8
3.7961994686366,-170.14
3.8033995147169,-170.5
3.81059956079719,-170.83
3.81779960687749,-171.1
3.82499965295778,-171.31
3.83219969903807,-171.43
3.83939974511837,-171.46
3.84659979119866,-171.4
3.85379983727896,-171.27
3.86099988335925,-171.1
3.86819992943955,-170.9
3.87539997551984,-170.72
3.88260002160014,-170.57
3.88980006768043,-170.46
3.89700011376073,-170.38
3.90420015984102,-170.34
3.91140020592132,-170.33
3.91860025200161,-170.33
3.92580029808191,-170.34
3.9330003441622,-170.37
3.9402003902425,-170.42
3.94740043632279,-170.49
3.95460048240309,-170.58
3.96180052848338,-170.71
3.96900057456368,-170.85
3.97620062064397,-170.99
3.98340066672427,-171.12
3.99060071280456,-171.23
3.99780075888486,-171.3
4.00500080496515,-171.34
4.01220085104545,-171.35
4.01940089712574,-171.34
4.02660094320604,-171.31
4.03380098928633,-171.29
4.04100103536663,-171.27
4.04820108144692,-171.25
4.05540112752722,-171.24
4.06260117360751,-171.21
4.06980121968781,-171.16
4.0770012657681,-171.09
4.0842013118484,-170.98
4.09140135792869,-170.84
4.09860140400899,-170.66
4.10580145008928,-170.44
4.11300149616958,-170.19
4.12020154224987,-169.91
4.12740158833017,-169.61
4.13460163441046,-169.31
4.14180168049076,-169.02
4.14900172657105,-168.74
4.15620177265135,-168.5
4.16340181873164,-168.31
4.17060186481194,-168.17
4.17780191089223,-168.07
4.18500195697252,-168.01
4.19220200305282,-167.99
4.19940204913312,-168
4.20660209521341,-168.04
4.21380214129371,-168.1
4.221002187374,-168.18
4.22820223345429,-168.27
4.23540227953459,-168.36
4.24260232561489,-168.45
4.24980237169518,-168.52
4.25700241777547,-168.56
4.26420246385577,-168.57
4.27140250993606,-168.53
4.27860255601636,-168.46
4.28580260209665,-168.37
4.29300264817695,-168.28
4.30020269425724,-168.2
4.30740274033754,-168.16
4.31460278641783,-168.15
4.32180283249813,-168.18
4.32900287857842,-168.23
4.33620292465872,-168.27
4.34340297073901,-168.28
4.35060301681931,-168.24
4.3578030628996,-168.14
4.3650031089799,-167.98
4.37220315506019,-167.77
4.37940320114049,-167.52
4.38660324722078,-167.26
4.39380329330108,-167.03
4.40100333938137,-166.84
4.40820338546167,-166.72
4.41540343154196,-166.68
4.42260347762226,-166.71
4.42980352370255,-166.81
4.43700356978285,-166.94
4.44420361586314,-167.1
4.45140366194344,-167.24
4.45860370802373,-167.35
4.46580375410403,-167.41
4.47300380018432,-167.42
4.48020384626462,-167.4
4.48740389234491,-167.38
4.49460393842521,-167.38
4.5018039845055,-167.44
4.5090040305858,-167.55
4.51620407666609,-167.72
4.52340412274639,-167.93
4.53060416882668,-168.14
4.53780421490698,-168.33
4.54500426098727,-168.44
4.55220430706757,-168.46
4.55940435314786,-168.36
4.56660439922816,-168.16
4.57380444530845,-167.87
4.58100449138874,-167.51
4.58820453746904,-167.1
4.59540458354934,-166.66
4.60260462962963,-166.22
4.60980467570993,-165.8
4.61700472179022,-165.4
4.62420476787051,-165.04
4.63140481395081,-164.71
4.63860486003111,-164.41
4.6458049061114,-164.14
4.65300495219169,-163.87
4.66020499827199,-163.6
4.66740504435228,-163.32
4.67460509043258,-163.01
4.68180513651288,-162.7
4.68900518259317,-162.38
4.69620522867346,-162.07
4.70340527475376,-161.8
4.71060532083405,-161.56
4.71780536691435,-161.38
4.72500541299465,-161.25
4.73220545907494,-161.18
4.73940550515523,-161.17
4.74660555123553,-161.22
4.75380559731582,-161.32
4.76100564339612,-161.48
4.76820568947641,-161.68
4.77540573555671,-161.95
4.782605781637,-162.26
4.7898058277173,-162.59
4.79700587379759,-162.91
4.80420591987789,-163.2
4.81140596595818,-163.42
4.81860601203848,-163.53
4.82580605811877,-163.53
4.83300610419907,-163.38
4.84020615027936,-163.1
4.84740619635966,-162.72
4.85460624243995,-162.26
4.86180628852025,-161.78
4.86900633460054,-161.33
4.87620638068084,-160.94
4.88340642676113,-160.66
4.89060647284143,-160.47
4.89780651892172,-160.36
4.90500656500202,-160.32
4.91220661108231,-160.3
4.91940665716261,-160.29
4.9266067032429,-160.25
4.9338067493232,-160.17
4.94100679540349,-160.04
4.94820684148379,-159.88
4.95540688756408,-159.7
4.96260693364438,-159.53
4.96980697972467,-159.36
4.97700702580497,-159.21
4.98420707188526,-159.1
4.99140711796556,-159.03
4.99860716404585,-159.01
5.00580721012615,-159.01
5.01300725620644,-159.03
5.02020730228674,-159.05
5.02740734836703,-159.07
5.03460739444732,-159.05
5.04180744052762,-158.99
5.04900748660792,-158.88
5.05620753268821,-158.73
5.0634075787685,-158.57
5.0706076248488,-158.43
5.07780767092909,-158.32
5.08500771700939,-158.26
5.09220776308968,-158.25
5.09940780916998,-158.29
5.10660785525027,-158.37
5.11380790133057,-158.49
5.12100794741086,-158.62
5.12820799349116,-158.77
5.13540803957145,-158.92
5.14260808565175,-159.08
5.14980813173204,-159.23
5.15700817781234,-159.36
5.16420822389263,-159.44
5.17140826997293,-159.47
5.17860831605322,-159.43
5.18580836213352,-159.31
5.19300840821381,-159.11
5.20020845429411,-158.84
5.2074085003744,-158.54
5.2146085464547,-158.24
5.22180859253499,-157.98
5.22900863861529,-157.77
5.23620868469558,-157.62
5.24340873077588,-157.55
5.25060877685617,-157.55
5.25780882293647,-157.61
5.26500886901676,-157.69
5.27220891509706,-157.77
5.27940896117735,-157.81
5.28660900725765,-157.81
5.29380905333794,-157.75
5.30100909941824,-157.64
5.30820914549853,-157.47
5.31540919157883,-157.28
5.32260923765912,-157.06
5.32980928373942,-156.83
5.33700932981971,-156.61
5.34420937590001,-156.4
5.3514094219803,-156.21
5.3586094680606,-156.04
5.36580951414089,-155.89
5.37300956022119,-155.77
5.38020960630148,-155.67
5.38740965238178,-155.61
5.39460969846207,-155.6
5.40180974454237,-155.64
5.40900979062266,-155.7
5.41620983670296,-155.77
5.42340988278325,-155.85
5.43060992886355,-155.92
5.43780997494384,-155.95
5.44501002102414,-155.92
5.45221006710443,-155.82
5.45941011318473,-155.67
5.46661015926502,-155.49
5.47381020534532,-155.29
5.48101025142561,-155.07
5.4882102975059,-154.84
5.4954103435862,-154.62
5.5026103896665,-154.4
5.50981043574679,-154.18
5.51701048182708,-153.97
5.52421052790738,-153.75
5.53141057398767,-153.53
5.53861062006797,-153.33
5.54581066614826,-153.14
5.55301071222856,-152.99
5.56021075830885,-152.87
5.56741080438915,-152.78
5.57461085046944,-152.7
5.58181089654974,-152.62
5.58901094263003,-152.54
5.59621098871033,-152.45
5.60341103479062,-152.36
5.61061108087092,-152.26
5.61781112695121,-152.15
5.62501117303151,-152.03
5.6322112191118,-151.9
5.6394112651921,-151.76
5.64661131127239,-151.59
5.65381135735269,-151.4
5.66101140343298,-151.17
5.66821144951328,-150.93
5.67541149559357,-150.68
5.68261154167387,-150.42
5.68981158775416,-150.15
5.69701163383446,-149.88
5.70421167991475,-149.61
5.71141172599505,-149.33
5.71861177207534,-149.04
5.72581181815564,-148.75
5.73301186423593,-148.46
5.74021191031623,-148.2
5.74741195639652,-147.97
5.75461200247682,-147.79
5.76181204855711,-147.66
5.76901209463741,-147.57
5.7762121407177,-147.52
5.783412186798,-147.51
5.79061223287829,-147.51
5.79781227895859,-147.53
5.80501232503888,-147.55
5.81221237111918,-147.57
5.81941241719947,-147.57
5.82661246327977,-147.56
5.83381250936006,-147.52
5.84101255544036,-147.47
5.84821260152065,-147.4
5.85541264760095,-147.32
5.86261269368124,-147.24
5.86981273976154,-147.2
5.87701278584183,-147.21
5.88421283192212,-147.28
5.89141287800242,-147.4
5.89861292408272,-147.57
5.90581297016301,-147.75
5.9130130162433,-147.93
5.9202130623236,-148.06
5.92741310840389,-148.14
5.93461315448419,-148.14
5.94181320056448,-148.05
5.94901324664478,-147.89
5.95621329272507,-147.66
5.96341333880537,-147.38
5.97061338488566,-147.06
5.97781343096596,-146.71
5.98501347704625,-146.35
5.99221352312655,-145.99
5.99941356920684,-145.67
6.00661361528714,-145.42
6.01381366136743,-145.24
6.02101370744773,-145.15
6.02821375352802,-145.12
6.03541379960832,-145.13
6.04261384568861,-145.16
6.04981389176891,-145.16
6.0570139378492,-145.09
6.0642139839295,-144.96
6.07141403000979,-144.76
6.07861407609009,-144.53
6.08581412217038,-144.3
6.09301416825068,-144.09
6.10021421433097,-143.93
6.10741426041127,-143.8
6.11461430649156,-143.71
6.12181435257186,-143.64
6.12901439865215,-143.55
6.13621444473245,-143.44
6.14341449081274,-143.29
6.15061453689304,-143.1
6.15781458297333,-142.87
6.16501462905363,-142.63
6.17221467513392,-142.38
6.17941472121422,-142.13
6.18661476729451,-141.88
6.19381481337481,-141.65
6.2010148594551,-141.45
6.2082149055354,-141.3
6.21541495161569,-141.2
6.22261499769599,-141.16
6.22981504377628,-141.17
6.23701508985658,-141.2
6.24421513593687,-141.25
6.25141518201717,-141.27
6.25861522809746,-141.26
6.26581527417776,-141.18
6.27301532025805,-141.02
6.28021536633834,-140.79
6.28741541241864,-140.51
6.29461545849894,-140.18
6.30181550457923,-139.85
6.30901555065953,-139.54
6.31621559673982,-139.25
6.32341564282011,-138.99
6.33061568890041,-138.77
6.3378157349807,-138.56
6.345015781061,-138.38
6.3522158271413,-138.2
6.35941587322159,-138.02
6.36661591930188,-137.82
6.37381596538218,-137.6
6.38101601146247,-137.38
6.38821605754277,-137.17
6.39541610362306,-136.96
6.40261614970336,-136.78
6.40981619578365,-136.62
6.41701624186395,-136.48
6.42421628794424,-136.36
6.43141633402454,-136.26
6.43861638010483,-136.18
6.44581642618513,-136.13
6.45301647226542,-136.1
6.46021651834572,-136.1
6.46741656442601,-136.1
6.47461661050631,-136.1
6.4818166565866,-136.11
6.4890167026669,-136.09
6.49621674874719,-136.04
6.50341679482749,-135.93
6.51061684090778,-135.75
6.51781688698808,-135.53
6.52501693306837,-135.27
6.53221697914867,-134.99
6.53941702522896,-134.7
6.54661707130926,-134.41
6.55381711738955,-134.12
6.56101716346985,-133.85
6.56821720955014,-133.59
6.57541725563044,-133.35
6.58261730171073,-133.13
6.58981734779103,-132.93
6.59701739387132,-132.74
6.60421743995162,-132.57
6.61141748603191,-132.41
6.61861753211221,-132.24
6.6258175781925,-132.06
6.6330176242728,-131.86
6.64021767035309,-131.63
6.64741771643339,-131.39
6.65461776251368,-131.15
6.66181780859398,-130.92
6.66901785467427,-130.72
6.67621790075457,-130.55
6.68341794683486,-130.42
6.69061799291516,-130.31
6.69781803899545,-130.22
6.70501808507575,-130.12
6.71221813115604,-129.99
6.71941817723634,-129.84
6.72661822331663,-129.64
6.73381826939692,-129.42
6.74101831547722,-129.16
6.74821836155752,-128.9
6.75541840763781,-128.65
6.7626184537181,-128.43
6.7698184997984,-128.26
6.77701854587869,-128.13
6.78421859195899,-128.05
6.79141863803928,-128.02
6.79861868411958,-128.04
6.80581873019987,-128.09
6.81301877628017,-128.16
6.82021882236046,-128.22
6.82741886844076,-128.25
6.83461891452105,-128.23
6.84181896060135,-128.14
6.84901900668164,-127.97
6.85621905276194,-127.7
6.86341909884223,-127.35
6.87061914492253,-126.92
6.87781919100282,-126.46
6.88501923708312,-125.99
6.89221928316341,-125.54
6.89941932924371,-125.11
6.906619375324,-124.75
6.9138194214043,-124.45
6.92101946748459,-124.21
6.92821951356489,-124.04
6.93541955964518,-123.89
6.94261960572548,-123.77
6.94981965180577,-123.65
6.95701969788607,-123.53
6.96421974396636,-123.39
6.97141979004666,-123.23
6.97861983612695,-123.05
6.98581988220725,-122.86
6.99301992828754,-122.67
7.00021997436784,-122.49
7.00742002044813,-122.34
7.01462006652843,-122.19
7.02182011260872,-122.07
7.02902015868902,-121.96
7.03622020476931,-121.86
7.04342025084961,-121.76
7.0506202969299,-121.64
7.0578203430102,-121.5
7.06502038909049,-121.34
7.07222043517079,-121.18
7.07942048125108,-121.01
7.08662052733138,-120.84
7.09382057341167,-120.67
7.10102061949197,-120.52
7.10822066557226,-120.38
7.11542071165256,-120.28
7.12262075773285,-120.21
7.12982080381315,-120.15
7.13702084989344,-120.12
7.14422089597373,-120.1
7.15142094205403,-120.09
7.15862098813433,-120.08
7.16582103421462,-120.06
7.17302108029491,-120
7.18022112637521,-119.91
7.1874211724555,-119.79
7.1946212185358,-119.64
7.2018212646161,-119.46
7.20902131069639,-119.25
7.21622135677668,-119.02
7.22342140285698,-118.77
7.23062144893727,-118.5
7.23782149501757,-118.22
7.24502154109786,-117.92
7.25222158717816,-117.63
7.25942163325845,-117.34
7.26662167933875,-117.08
7.27382172541904,-116.87
7.28102177149934,-116.7
7.28822181757963,-116.59
7.29542186365993,-116.52
7.30262190974022,-116.48
7.30982195582052,-116.47
7.31702200190081,-116.47
7.32422204798111,-116.45
7.3314220940614,-116.41
7.3386221401417,-116.33
7.34582218622199,-116.2
7.35302223230229,-116.03
7.36022227838258,-115.82
7.36742232446288,-115.57
7.37462237054317,-115.28
7.38182241662347,-114.96
7.38902246270376,-114.62
7.39622250878406,-114.28
7.40342255486435,-113.96
7.41062260094465,-113.66
7.41782264702494,-113.4
7.42502269310524,-113.19
7.43222273918553,-113.04
7.43942278526583,-112.94
7.44662283134612,-112.86
7.45382287742642,-112.8
7.46102292350671,-112.72
7.46822296958701,-112.6
7.4754230156673,-112.44
7.4826230617476,-112.22
7.48982310782789,-111.97
7.49702315390819,-111.71
7.50422319998848,-111.47
7.51142324606877,-111.26
7.51862329214907,-111.09
7.52582333822937,-110.96
7.53302338430966,-110.85
7.54022343038995,-110.74
7.54742347647025,-110.6
7.55462352255054,-110.42
7.56182356863084,-110.19
7.56902361471114,-109.94
7.57622366079143,-109.7
7.58342370687172,-109.48
7.59062375295202,-109.32
7.59782379903231,-109.22
7.60502384511261,-109.2
7.61222389119291,-109.26
7.6194239372732,-109.37
7.62662398335349,-109.51
7.63382402943379,-109.65
7.64102407551408,-109.77
7.64822412159438,-109.86
7.65542416767468,-109.89
7.66262421375497,-109.88
7.66982425983526,-109.79
7.67702430591556,-109.63
7.68422435199585,-109.4
7.69142439807615,-109.09
7.69862444415644,-108.74
7.70582449023674,-108.33
7.71302453631703,-107.9
7.72022458239733,-107.46
7.72742462847762,-107.03
7.73462467455792,-106.62
7.74182472063821,-106.24
7.74902476671851,-105.89
7.7562248127988,-105.56
7.7634248588791,-105.26
7.77062490495939,-104.99
7.77782495103969,-104.77
7.78502499711998,-104.6
7.79222504320028,-104.49
7.79942508928057,-104.44
7.80662513536087,-104.45
7.81382518144116,-104.49
7.82102522752146,-104.56
7.82822527360175,-104.61
7.83542531968205,-104.63
7.84262536576234,-104.59
7.84982541184264,-104.49
7.85702545792293,-104.34
7.86422550400323,-104.15
7.87142555008352,-103.93
7.87862559616382,-103.71
7.88582564224411,-103.51
7.89302568832441,-103.31
7.9002257344047,-103.14
7.907425780485,-102.97
7.91462582656529,-102.81
7.92182587264559,-102.64
7.92902591872588,-102.47
7.93622596480618,-102.31
7.94342601088647,-102.16
7.95062605696677,-102.02
7.95782610304706,-101.9
7.96502614912735,-101.79
7.97222619520765,-101.67
7.97942624128795,-101.54
7.98662628736824,-101.36
7.99382633344853,-101.12
8.00102637952883,-100.83
8.00822642560913,-100.47
8.01542647168942,-100.07
8.02262651776972,-99.66
8.02982656385001,-99.25
8.0370266099303,-98.86
8.0442266560106,-98.52
8.05142670209089,-98.23
8.05862674817119,-98.01
8.06582679425148,-97.85
8.07302684033178,-97.73
8.08022688641207,-97.63
8.08742693249237,-97.52
8.09462697857266,-97.39
8.10182702465296,-97.23
8.10902707073325,-97.03
8.11622711681355,-96.8
8.12342716289384,-96.55
8.13062720897414,-96.31
8.13782725505443,-96.1
8.14502730113473,-95.94
8.15222734721502,-95.84
8.15942739329532,-95.8
8.16662743937561,-95.79
8.17382748545591,-95.8
8.1810275315362,-95.78
8.1882275776165,-95.73
8.19542762369679,-95.63
8.20262766977709,-95.47
8.20982771585738,-95.27
8.21702776193768,-95.06
8.22422780801797,-94.84
8.23142785409827,-94.65
8.23862790017856,-94.51
8.24582794625886,-94.42
8.25302799233915,-94.37
8.26022803841945,-94.35
8.26742808449974,-94.34
8.27462813058004,-94.32
8.28182817666033,-94.28
8.28902822274063,-94.19
8.29622826882092,-94.06
8.30342831490122,-93.89
8.31062836098151,-93.68
8.31782840706181,-93.45
8.3250284531421,-93.19
8.3322284992224,-92.93
8.33942854530269,-92.66
8.34662859138299,-92.38
8.35382863746328,-92.09
8.36102868354357,-91.79
8.36822872962387,-91.5
8.37542877570417,-91.22
8.38262882178446,-90.97
8.38982886786476,-90.77
8.39702891394505,-90.63
8.40422896002534,-90.57
8.41142900610564,-90.56
8.41862905218593,-90.61
8.42582909826623,-90.69
8.43302914434652,-90.77
8.44022919042682,-90.83
8.44742923650711,-90.85
8.45462928258741,-90.81
8.4618293286677,-90.7
8.469029374748,-90.53
8.47622942082829,-90.31
8.48342946690859,-90.04
8.49062951298888,-89.72
8.49782955906918,-89.37
8.50502960514947,-88.99
8.51222965122977,-88.6
8.51942969731006,-88.21
8.52662974339036,-87.82
8.53382978947065,-87.46
8.54102983555095,-87.14
8.54822988163124,-86.87
8.55542992771154,-86.65
8.56262997379183,-86.49
8.56983001987213,-86.37
8.57703006595242,-86.28
8.58423011203272,-86.22
8.59143015811301,-86.15
8.59863020419331,-86.07
8.6058302502736,-85.99
8.6130302963539,-85.92
8.62023034243419,-85.85
8.62743038851449,-85.79
8.63463043459478,-85.75
8.64183048067508,-85.72
8.64903052675537,-85.71
8.65623057283567,-85.7
8.66343061891596,-85.66
8.67063066499626,-85.58
8.67783071107655,-85.45
8.68503075715685,-85.27
8.69223080323714,-85.02
8.69943084931744,-84.72
8.70663089539773,-84.38
8.71383094147803,-84
8.72103098755832,-83.6
8.72823103363862,-83.18
8.73543107971891,-82.75
8.74263112579921,-82.3
8.7498311718795,-81.82
8.7570312179598,-81.31
8.76423126404009,-80.76
8.77143131012039,-80.15
8.77863135620068,-79.51
8.78583140228097,-78.84
8.79303144836127,-78.2
8.80023149444157,-77.62
8.80743154052186,-77.12
8.81463158660216,-76.73
8.82183163268245,-76.47
8.82903167876274,-76.34
8.83623172484304,-76.32
8.84343177092334,-76.37
8.85063181700363,-76.47
8.85783186308393,-76.56
8.86503190916422,-76.64
8.87223195524451,-76.68
8.87943200132481,-76.66
8.88663204740511,-76.58
8.8938320934854,-76.41
8.90103213956569,-76.17
8.90823218564599,-75.85
8.91543223172628,-75.44
8.92263227780658,-74.94
8.92983232388688,-74.37
8.93703236996717,-73.75
8.94423241604746,-73.1
8.95143246212776,-72.46
8.95863250820805,-71.88
8.96583255428835,-71.39
8.97303260036865,-71.01
8.98023264644894,-70.74
8.98743269252923,-70.58
8.99463273860953,-70.5
9.00183278468982,-70.47
9.00903283077012,-70.45
9.01623287685041,-70.42
9.02343292293071,-70.35
9.030632969011,-70.26
9.0378330150913,-70.13
9.04503306117159,-69.99
9.05223310725189,-69.83
9.05943315333218,-69.65
9.06663319941248,-69.46
9.07383324549277,-69.25
9.08103329157307,-69.01
9.08823333765336,-68.76
9.09543338373366,-68.49
9.10263342981395,-68.22
9.10983347589425,-67.98
9.11703352197454,-67.77
9.12423356805484,-67.59
9.13143361413513,-67.44
9.13863366021543,-67.3
9.14583370629572,-67.15
9.15303375237602,-66.99
9.16023379845631,-66.8
9.16743384453661,-66.59
9.1746338906169,-66.34
9.1818339366972,-66.06
9.18903398277749,-65.75
9.19623402885779,-65.42
9.20343407493808,-65.05
9.21063412101838,-64.66
9.21783416709867,-64.24
9.22503421317897,-63.81
9.23223425925926,-63.39
9.23943430533956,-63.02
9.24663435141985,-62.7
9.25383439750015,-62.45
9.26103444358044,-62.25
9.26823448966073,-62.11
9.27543453574103,-62
9.28263458182133,-61.89
9.28983462790162,-61.76
9.29703467398192,-61.6
9.30423472006221,-61.4
9.3114347661425,-61.16
9.3186348122228,-60.89
9.32583485830309,-60.62
9.33303490438339,-60.37
9.34023495046369,-60.16
9.34743499654398,-59.98
9.35463504262427,-59.83
9.36183508870457,-59.7
9.36903513478486,-59.56
9.37623518086516,-59.41
9.38343522694545,-59.24
9.39063527302575,-59.02
9.39783531910604,-58.75
9.40503536518634,-58.44
9.41223541126663,-58.08
9.41943545734693,-57.71
9.42663550342722,-57.34
9.43383554950752,-56.99
9.44103559558781,-56.65
9.44823564166811,-56.35
9.4554356877484,-56.08
9.4626357338287,-55.87
9.46983577990899,-55.71
9.47703582598929,-55.59
9.48423587206958,-55.49
9.49143591814988,-55.41
9.49863596423017,-55.32
9.50583601031047,-55.24
9.51303605639076,-55.13
9.52023610247106,-55.02
9.52743614855135,-54.88
9.53463619463165,-54.72
9.54183624071194,-54.56
9.54903628679224,-54.39
9.55623633287253,-54.21
9.56343637895283,-54.01
9.57063642503312,-53.78
9.57783647111342,-53.52
9.58503651719371,-53.21
9.59223656327401,-52.87
9.5994366093543,-52.51
9.6066366554346,-52.13
9.61383670151489,-51.77
9.62103674759519,-51.43
9.62823679367548,-51.12
9.63543683975578,-50.83
9.64263688583607,-50.56
9.64983693191637,-50.28
9.65703697799666,-49.98
9.66423702407696,-49.66
9.67143707015725,-49.32
9.67863711623755,-48.97
9.68583716231784,-48.63
9.69303720839813,-48.34
9.70023725447843,-48.1
9.70743730055873,-47.93
9.71463734663902,-47.83
9.72183739271932,-47.81
9.72903743879961,-47.84
9.7362374848799,-47.91
9.7434375309602,-47.98
9.75063757704049,-48.04
9.75783762312079,-48.06
9.76503766920109,-48.03
9.77223771528138,-47.94
9.77943776136167,-47.8
9.78663780744197,-47.62
9.79383785352226,-47.42
9.80103789960256,-47.22
9.80823794568285,-47.03
9.81543799176315,-46.87
9.82263803784344,-46.72
9.82983808392374,-46.58
9.83703813000403,-46.41
9.84423817608433,-46.2
9.85143822216462,-45.92
9.85863826824492,-45.56
9.86583831432521,-45.14
9.87303836040551,-44.65
9.8802384064858,-44.13
9.8874384525661,-43.6
9.89463849864639,-43.11
9.90183854472669,-42.66
9.90903859080698,-42.27
9.91623863688728,-41.94
9.92343868296757,-41.67
9.93063872904787,-41.44
9.93783877512816,-41.23
9.94503882120846,-41.05
9.95223886728875,-40.87
9.95943891336905,-40.68
9.96663895944934,-40.48
9.97383900552964,-40.27
9.98103905160993,-40.04
9.98823909769023,-39.79
9.99543914377052,-39.52
10.0026391898508,-39.24
10.0098392359311,-38.95
10.0170392820114,-38.65
10.0242393280917,-38.36
10.031439374172,-38.08
10.0386394202523,-37.81
10.0458394663326,-37.54
10.0530395124129,-37.26
10.0602395584932,-36.98
10.0674396045735,-36.68
10.0746396506538,-36.36
10.0818396967341,-36.01
10.0890397428144,-35.62
10.0962397888946,-35.21
10.1034398349749,-34.78
10.1106398810552,-34.35
10.1178399271355,-33.94
10.1250399732158,-33.57
10.1322400192961,-33.25
10.1394400653764,-33
10.1466401114567,-32.81
10.153840157537,-32.68
10.1610402036173,-32.6
10.1682402496976,-32.54
10.1754402957779,-32.48
10.1826403418582,-32.4
10.1898403879385,-32.3
10.1970404340188,-32.18
10.2042404800991,-32.03
10.2114405261794,-31.88
10.2186405722597,-31.71
10.22584061834,-31.55
10.2330406644203,-31.39
10.2402407105005,-31.23
10.2474407565808,-31.08
10.2546408026611,-30.91
10.2618408487414,-30.73
10.2690408948217,-30.54
10.276240940902,-30.35
10.2834409869823,-30.15
10.2906410330626,-29.96
10.2978410791429,-29.77
10.3050411252232,-29.58
10.3122411713035,-29.4
10.3194412173838,-29.21
10.3266412634641,-28.99
10.3338413095444,-28.74
10.3410413556247,-28.44
10.348241401705,-28.08
10.3554414477853,-27.66
10.3626414938656,-27.2
10.3698415399459,-26.73
10.3770415860262,-26.25
10.3842416321064,-25.81
10.3914416781867,-25.42
10.398641724267,-25.09
10.4058417703473,-24.79
10.4130418164276,-24.51
10.4202418625079,-24.2
10.4274419085882,-23.86
10.4346419546685,-23.47
10.4418420007488,-23.02
10.4490420468291,-22.53
10.4562420929094,-22.03
10.4634421389897,-21.56
10.47064218507,-21.14
10.4778422311503,-20.8
10.4850422772306,-20.51
10.4922423233109,-20.27
10.4994423693912,-20.07
10.5066424154715,-19.89
10.5138424615518,-19.71
10.521042507632,-19.49
10.5282425537123,-19.25
10.5354425997926,-18.97
10.5426426458729,-18.66
10.5498426919532,-18.33
10.5570427380335,-17.97
10.5642427841138,-17.59
10.5714428301941,-17.18
10.5786428762744,-16.76
10.5858429223547,-16.34
10.593042968435,-15.92
10.6002430145153,-15.51
10.6074430605956,-15.13
10.6146431066759,-14.78
10.6218431527562,-14.49
10.6290431988365,-14.25
10.6362432449168,-14.07
10.6434432909971,-13.93
10.6506433370774,-13.83
10.6578433831577,-13.76
10.6650434292379,-13.73
10.6722434753182,-13.71
10.6794435213985,-13.7
10.6866435674788,-13.71
10.6938436135591,-13.73
10.7010436596394,-13.76
10.7082437057197,-13.79
10.7154437518,-13.79
10.7226437978803,-13.74
10.7298438439606,-13.62
10.7370438900409,-13.42
10.7442439361212,-13.16
10.7514439822015,-12.82
10.7586440282818,-12.45
10.7658440743621,-12.07
10.7730441204424,-11.71
10.7802441665227,-11.39
10.787444212603,-11.12
10.7946442586833,-10.88
10.8018443047636,-10.67
10.8090443508438,-10.46
10.8162443969241,-10.24
10.8234444430044,-9.99
10.8306444890847,-9.73
10.837844535165,-9.46
10.8450445812453,-9.21
10.8522446273256,-8.97
10.8594446734059,-8.75
10.8666447194862,-8.54
10.8738447655665,-8.33
10.8810448116468,-8.11
10.8882448577271,-7.88
10.8954449038074,-7.62
10.9026449498877,-7.33
10.909844995968,-7.03
10.9170450420483,-6.73
10.9242450881286,-6.43
10.9314451342089,-6.13
10.9386451802892,-5.83
10.9458452263695,-5.51
10.9530452724497,-5.18
10.96024531853,-4.84
10.9674453646103,-4.48
10.9746454106906,-4.11
10.9818454567709,-3.75
10.9890455028512,-3.41
10.9962455489315,-3.09
11.0034455950118,-2.79
11.0106456410921,-2.51
11.0178456871724,-2.23
11.0250457332527,-1.96
11.032245779333,-1.68
11.0394458254133,-1.39
11.0466458714936,-1.1
11.0538459175739,-0.81
11.0610459636542,-0.53
11.0682460097345,-0.27
11.0754460558148,-0.01
11.0826461018951,0.25
11.0898461479753,0.54
11.0970461940556,0.84
11.1042462401359,1.15
11.1114462862162,1.45
11.1186463322965,1.74
11.1258463783768,2
11.1330464244571,2.21
11.1402464705374,2.39
11.1474465166177,2.53
11.154646562698,2.68
11.1618466087783,2.84
11.1690466548586,3.04
11.1762467009389,3.28
11.1834467470192,3.53
11.1906467930995,3.8
11.1978468391798,4.07
11.2050468852601,4.33
11.2122469313404,4.59
11.2194469774207,4.85
11.226647023501,5.15
11.2338470695812,5.48
11.2410471156615,5.88
11.2482471617418,6.33
11.2554472078221,6.82
11.2626472539024,7.33
11.2698472999827,7.81
11.277047346063,8.27
11.2842473921433,8.68
11.2914474382236,9.06
11.2986474843039,9.42
11.3058475303842,9.78
11.3130475764645,10.15
11.3202476225448,10.55
11.3274476686251,10.97
11.3346477147054,11.4
11.3418477607857,11.82
11.349047806866,12.2
11.3562478529463,12.53
11.3634478990266,12.83
11.3706479451068,13.1
11.3778479911871,13.37
11.3850480372674,13.67
11.3922480833477,14.02
11.399448129428,14.43
11.4066481755083,14.9
11.4138482215886,15.42
11.4210482676689,15.94
11.4282483137492,16.43
11.4354483598295,16.87
11.4426484059098,17.23
11.4498484519901,17.51
11.4570484980704,17.69
11.4642485441507,17.81
11.471448590231,17.89
11.4786486363113,17.96
11.4858486823916,18.08
11.4930487284719,18.25
11.5002487745522,18.5
11.5074488206325,18.84
11.5146488667127,19.26
11.521848912793,19.74
11.5290489588733,20.25
11.5362490049536,20.76
11.5434490510339,21.23
11.5506490971142,21.64
11.5578491431945,21.98
11.5650491892748,22.24
11.5722492353551,22.43
11.5794492814354,22.57
11.5866493275157,22.69
11.593849373596,22.81
11.6010494196763,22.96
11.6082494657566,23.15
11.6154495118369,23.38
11.6226495579172,23.66
11.6298496039975,23.97
11.6370496500778,24.31
11.6442496961581,24.65
11.6514497422384,24.99
11.6586497883186,25.32
11.6658498343989,25.64
11.6730498804792,25.94
11.6802499265595,26.21
11.6874499726398,26.45
11.6946500187201,26.67
11.7018500648004,26.86
11.7090501108807,27.03
11.716250156961,27.19
11.7234502030413,27.36
11.7306502491216,27.54
11.7378502952019,27.74
11.7450503412822,27.97
11.7522503873625,28.22
11.7594504334428,28.49
11.7666504795231,28.76
11.7738505256034,29.03
11.7810505716837,29.31
11.788250617764,29.6
11.7954506638443,29.91
11.8026507099245,30.24
11.8098507560048,30.58
11.8170508020851,30.94
11.8242508481654,31.31
11.8314508942457,31.68
11.838650940326,32.05
11.8458509864063,32.41
11.8530510324866,32.75
11.8602510785669,33.08
11.8674511246472,33.38
11.8746511707275,33.66
11.8818512168078,33.92
11.8890512628881,34.14
11.8962513089684,34.32
11.9034513550487,34.46
11.910651401129,34.58
11.9178514472093,34.68
11.9250514932896,34.8
11.9322515393699,34.94
11.9394515854501,35.13
11.9466516315304,35.37
11.9538516776107,35.67
11.961051723691,36.03
11.9682517697713,36.44
11.9754518158516,36.88
11.9826518619319,37.33
11.9898519080122,37.76
11.9970519540925,38.17
12.0042520001728,38.56
12.0114520462531,38.92
12.0186520923334,39.26
12.0258521384137,39.58
12.033052184494,39.88
12.0402522305743,40.17
12.0474522766546,40.47
12.0546523227349,40.76
12.0618523688152,41.05
12.0690524148955,41.32
12.0762524609758,41.57
12.083452507056,41.8
12.0906525531363,41.99
12.0978525992166,42.15
12.1050526452969,42.28
12.1122526913772,42.39
12.1194527374575,42.49
12.1266527835378,42.59
12.1338528296181,42.71
12.1410528756984,42.87
12.1482529217787,43.1
12.155452967859,43.39
12.1626530139393,43.73
12.1698530600196,44.13
12.1770531060999,44.56
12.1842531521802,45.01
12.1914531982605,45.48
12.1986532443408,45.94
12.2058532904211,46.39
12.2130533365014,46.82
12.2202533825816,47.22
12.2274534286619,47.59
12.2346534747422,47.94
12.2418535208225,48.26
12.2490535669028,48.56
12.2562536129831,48.84
12.2634536590634,49.13
12.2706537051437,49.45
12.277853751224,49.79
12.2850537973043,50.16
12.2922538433846,50.57
12.2994538894649,50.98
12.3066539355452,51.39
12.3138539816255,51.78
12.3210540277058,52.12
12.3282540737861,52.4
12.3354541198664,52.62
12.3426541659467,52.78
12.349854212027,52.89
12.3570542581073,52.97
12.3642543041875,53.04
12.3714543502678,53.13
12.3786543963481,53.24
12.3858544424284,53.38
12.3930544885087,53.56
12.400254534589,53.78
12.4074545806693,54.03
12.4146546267496,54.28
12.4218546728299,54.53
12.4290547189102,54.75
12.4362547649905,54.96
12.4434548110708,55.16
12.4506548571511,55.37
12.4578549032314,55.61
12.4650549493117,55.88
12.472254995392,56.2
12.4794550414723,56.57
12.4866550875526,57
12.4938551336329,57.47
12.5010551797132,57.98
12.5082552257934,58.51
12.5154552718737,59.05
12.522655317954,59.58
12.5298553640343,60.11
12.5370554101146,60.64
12.5442554561949,61.14
12.5514555022752,61.63
12.5586555483555,62.09
12.5658555944358,62.52
12.5730556405161,62.92
12.5802556865964,63.3
12.5874557326767,63.66
12.594655778757,63.99
12.6018558248373,64.29
12.6090558709176,64.59
12.6162559169979,64.88
12.6234559630782,65.18
12.6306560091585,65.48
12.6378560552388,65.78
12.6450561013191,66.07
12.6522561473993,66.35
12.6594561934796,66.6
12.6666562395599,66.81
12.6738562856402,66.97
12.6810563317205,67.06
12.6882563778008,67.09
12.6954564238811,67.08
12.7026564699614,67.05
12.7098565160417,67.01
12.717056562122,66.99
12.7242566082023,67.02
12.7314566542826,67.13
12.7386567003629,67.34
12.7458567464432,67.66
12.7530567925235,68.11
12.7602568386038,68.67
12.7674568846841,69.33
12.7746569307644,70.04
12.7818569768447,70.78
12.7890570229249,71.49
12.7962570690052,72.13
12.8034571150855,72.67
12.8106571611658,73.09
12.8178572072461,73.38
12.8250572533264,73.56
12.8322572994067,73.67
12.839457345487,73.72
12.8466573915673,73.77
12.8538574376476,73.82
12.8610574837279,73.9
12.8682575298082,74.02
12.8754575758885,74.19
12.8826576219688,74.41
12.8898576680491,74.7
12.8970577141294,75.06
12.9042577602097,75.47
12.91145780629,75.93
12.9186578523703,76.44
12.9258578984506,76.99
12.9330579445308,77.53
12.9402579906111,78.05
12.9474580366914,78.53
12.9546580827717,78.94
12.961858128852,79.3
12.9690581749323,79.6
12.9762582210126,79.86
12.9834582670929,80.1
12.9906583131732,80.32
12.9978583592535,80.55
13.0050584053338,80.79
13.0122584514141,81.03
13.0194584974944,81.26
13.0266585435747,81.49
13.033858589655,81.69
13.0410586357353,81.88
13.0482586818156,82.06
13.0554587278959,82.23
13.0626587739762,82.4
13.0698588200564,82.58
13.0770588661367,82.76
13.084258912217,82.94
13.0914589582973,83.1
13.0986590043776,83.24
13.1058590504579,83.35
13.1130590965382,83.43
13.1202591426185,83.49
13.1274591886988,83.55
13.1346592347791,83.61
13.1418592808594,83.71
13.1490593269397,83.87
13.15625937302,84.1
13.1634594191003,84.41
13.1706594651806,84.79
13.1778595112609,85.25
13.1850595573412,85.77
13.1922596034215,86.35
13.1994596495018,86.96
13.2066596955821,87.6
13.2138597416623,88.25
13.2210597877426,88.9
13.2282598338229,89.53
13.2354598799032,90.13
13.2426599259835,90.69
13.2498599720638,91.2
13.2570600181441,91.66
13.2642600642244,92.06
13.2714601103047,92.4
13.278660156385,92.71
13.2858602024653,93
13.2930602485456,93.27
13.3002602946259,93.52
13.3074603407062,93.75
13.3146603867865,93.97
13.3218604328668,94.18
13.3290604789471,94.39
13.3362605250274,94.6
13.3434605711077,94.83
13.350660617188,95.08
13.3578606632682,95.38
13.3650607093485,95.71
13.3722607554288,96.07
13.3794608015091,96.46
13.3866608475894,96.85
13.3938608936697,97.23
13.40106093975,97.59
13.4082609858303,97.92
13.4154610319106,98.22
13.4226610779909,98.52
13.4298611240712,98.82
13.4370611701515,99.13
13.4442612162318,99.46
13.4514612623121,99.81
13.4586613083924,100.17
13.4658613544727,100.54
13.473061400553,100.91
13.4802614466333,101.28
13.4874614927136,101.65
13.4946615387938,102.03
13.5018615848741,102.43
13.5090616309544,102.86
13.5162616770347,103.35
13.523461723115,103.89
13.5306617691953,104.49
13.5378618152756,105.13
13.5450618613559,105.78
13.5522619074362,106.42
13.5594619535165,107.03
13.5666619995968,107.61
13.5738620456771,108.12
13.5810620917574,108.57
13.5882621378377,108.95
13.595462183918,109.26
13.6026622299983,109.52
13.6098622760786,109.72
13.6170623221589,109.87
13.6242623682392,109.96
13.6314624143195,110
13.6386624603997,110.02
13.64586250648,110.03
13.6530625525603,110.04
13.6602625986406,110.07
13.6674626447209,110.13
13.6746626908012,110.23
13.6818627368815,110.39
13.6890627829618,110.61
13.6962628290421,110.88
13.7034628751224,111.22
13.7106629212027,111.64
13.717862967283,112.13
13.7250630133633,112.71
13.7322630594436,113.34
13.7394631055239,114.01
13.7466631516042,114.67
13.7538631976845,115.29
13.7610632437648,115.84
13.7682632898451,116.3
13.7754633359253,116.68
13.7826633820056,116.98
13.7898634280859,117.24
13.7970634741662,117.49
13.8042635202465,117.76
13.8114635663268,118.08
13.8186636124071,118.47
13.8258636584874,118.89
13.8330637045677,119.32
13.840263750648,119.74
13.8474637967283,120.13
13.8546638428086,120.48
13.8618638888889,120.79
13.8690639349692,121.05
13.8762639810495,121.29
13.8834640271298,121.5
13.8906640732101,121.71
13.8978641192904,121.9
13.9050641653707,122.08
13.912264211451,122.23
13.9194642575313,122.35
13.9266643036115,122.45
13.9338643496918,122.52
13.9410643957721,122.59
13.9482644418524,122.65
13.9554644879327,122.74
13.962664534013,122.86
13.9698645800933,123.02
13.9770646261736,123.21
13.9842646722539,123.45
13.9914647183342,123.74
13.9986647644145,124.09
14.0058648104948,124.48
14.0130648565751,124.91
14.0202649026554,125.36
14.0274649487357,125.82
14.034664994816,126.28
14.0418650408963,126.74
14.0490650869766,127.17
14.0562651330569,127.59
14.0634651791371,127.98
14.0706652252174,128.37
14.0778652712977,128.77
14.085065317378,129.17
14.0922653634583,129.6
14.0994654095386,130.06
14.1066654556189,130.55
14.1138655016992,131.07
14.1210655477795,131.6
14.1282655938598,132.13
14.1354656399401,132.65
14.1426656860204,133.12
14.1498657321007,133.53
14.157065778181,133.88
14.1642658242613,134.16
14.1714658703416,134.39
14.1786659164219,134.58
14.1858659625022,134.74
14.1930660085825,134.89
14.2002660546628,135.07
14.207466100743,135.27
14.2146661468233,135.51
14.2218661929036,135.8
14.2290662389839,136.13
14.2362662850642,136.51
14.2434663311445,136.94
14.2506663772248,137.4
14.2578664233051,137.88
14.2650664693854,138.37
14.2722665154657,138.85
14.279466561546,139.3
14.2866666076263,139.7
14.2938666537066,140.04
14.3010666997869,140.32
14.3082667458672,140.53
14.3154667919475,140.68
14.3226668380278,140.8
14.3298668841081,140.89
14.3370669301884,140.99
14.3442669762686,141.1
14.3514670223489,141.25
14.3586670684292,141.44
14.3658671145095,141.67
14.3730671605898,141.91
14.3802672066701,142.18
14.3874672527504,142.45
14.3946672988307,142.74
14.401867344911,143.05
14.4090673909913,143.39
14.4162674370716,143.74
14.4234674831519,144.11
14.4306675292322,144.49
14.4378675753125,144.87
14.4450676213928,145.24
14.4522676674731,145.56
14.4594677135534,145.82
14.4666677596337,146.02
14.473867805714,146.17
14.4810678517943,146.3
14.4882678978745,146.45
14.4954679439548,146.64
14.5026679900351,146.9
14.5098680361154,147.25
14.5170680821957,147.7
14.524268128276,148.23
14.5314681743563,148.83
14.5386682204366,149.44
14.5458682665169,150.01
14.5530683125972,150.52
14.5602683586775,150.92
14.5674684047578,151.22
14.5746684508381,151.41
14.5818684969184,151.51
14.5890685429987,151.55
14.596268589079,151.59
14.6034686351593,151.66
14.6106686812396,151.8
14.6178687273199,152.01
14.6250687734002,152.3
14.6322688194804,152.66
14.6394688655607,153.09
14.646668911641,153.57
14.6538689577213,154.08
14.6610690038016,154.6
14.6682690498819,155.13
14.6754690959622,155.64
14.6826691420425,156.15
14.6898691881228,156.64
14.6970692342031,157.11
14.7042692802834,157.54
14.7114693263637,157.95
14.718669372444,158.34
14.7258694185243,158.71
14.7330694646046,159.08
14.7402695106849,159.44
14.7474695567652,159.79
14.7546696028455,160.14
14.7618696489258,160.48
14.769069695006,160.8
14.7762697410863,161.13
14.7834697871666,161.45
14.7906698332469,161.79
14.7978698793272,162.17
14.8050699254075,162.61
14.8122699714878,163.1
14.8194700175681,163.67
14.8266700636484,164.3
14.8338701097287,164.99
14.841070155809,165.71
14.8482702018893,166.43
14.8554702479696,167.09
14.8626702940499,167.68
14.8698703401302,168.16
14.8770703862105,168.54
14.8842704322908,168.81
14.8914704783711,169
14.8986705244514,169.13
14.9058705705317,169.25
14.9130706166119,169.38
14.9202706626922,169.55
14.9274707087725,169.77
14.9346707548528,170.04
14.9418708009331,170.33
14.9490708470134,170.63
14.9562708930937,170.92
14.963470939174,171.19
14.9706709852543,171.45
14.9778710313346,171.68
14.9850710774149,171.89
14.9922711234952,172.11
14.9994711695755,172.33
15.0066712156558,172.56
15.0138712617361,172.78
15.0210713078164,172.99
15.0282713538967,173.2
15.035471399977,173.41
15.0426714460573,173.62
15.0498714921376,173.84
15.0570715382178,174.08
15.0642715842981,174.36
15.0714716303784,174.69
15.0786716764587,175.08
15.085871722539,175.51
15.0930717686193,175.97
15.1002718146996,176.46
15.1074718607799,176.98
15.1146719068602,177.5
15.1218719529405,178.01
15.1290719990208,178.51
15.1362720451011,179
15.1434720911814,179.47
15.1506721372617,179.93
15.157872183342,180.37
15.1650722294223,180.78
15.1722722755026,181.16
15.1794723215829,181.5
15.1866723676632,181.8
15.1938724137434,182.05
15.2010724598237,182.26
15.208272505904,182.43
15.2154725519843,182.61
15.2226725980646,182.8
15.2298726441449,183.03
15.2370726902252,183.3
15.2442727363055,183.6
15.2514727823858,183.93
15.2586728284661,184.28
15.2658728745464,184.61
15.2730729206267,184.94
15.280272966707,185.24
15.2874730127873,185.54
15.2946730588676,185.85
15.3018731049479,186.17
15.3090731510282,186.51
15.3162731971085,186.87
15.3234732431888,187.27
15.3306732892691,187.7
15.3378733353493,188.14
15.3450733814296,188.58
15.3522734275099,189.01
15.3594734735902,189.43
15.3666735196705,189.86
15.3738735657508,190.31
15.3810736118311,190.79
15.3882736579114,191.31
15.3954737039917,191.87
15.402673750072,192.47
15.4098737961523,193.11
15.4170738422326,193.75
15.4242738883129,194.37
15.4314739343932,194.92
15.4386739804735,195.39
15.4458740265538,195.77
15.4530740726341,196.06
15.4602741187144,196.28
15.4674741647947,196.45
15.474674210875,196.6
15.4818742569552,196.77
15.4890743030355,196.97
15.4962743491158,197.22
15.5034743951961,197.51
15.5106744412764,197.85
15.5178744873567,198.23
15.525074533437,198.65
15.5322745795173,199.11
15.5394746255976,199.59
15.5466746716779,200.09
15.5538747177582,200.58
15.5610747638385,201.08
15.5682748099188,201.56
15.5754748559991,202
15.5826749020794,202.4
15.5898749481597,202.75
15.59707499424,203.06
15.6042750403203,203.33
15.6114750864006,203.57
15.6186751324809,203.8
15.6258751785611,204.03
15.6330752246414,204.28
15.6402752707217,204.57
15.647475316802,204.9
15.6546753628823,205.28
15.6618754089626,205.71
15.6690754550429,206.17
15.6762755011232,206.66
15.6834755472035,207.16
15.6906755932838,207.66
15.6978756393641,208.14
15.7050756854444,208.59
15.7122757315247,209.01
15.719475777605,209.42
15.7266758236853,209.82
15.7338758697656,210.21
15.7410759158459,210.61
15.7482759619262,211.02
15.7554760080065,211.46
15.7626760540867,211.92
15.769876100167,212.38
15.7770761462473,212.82
15.7842761923276,213.25
15.7914762384079,213.63
15.7986762844882,213.98
15.8058763305685,214.26
15.8130763766488,214.49
15.8202764227291,214.68
15.8274764688094,214.85
15.8346765148897,215
15.84187656097,215.17
15.8490766070503,215.38
15.8562766531306,215.64
15.8634766992109,215.96
15.8706767452912,216.33
15.8778767913715,216.74
15.8850768374518,217.17
15.8922768835321,217.62
15.8994769296124,218.05
15.9066769756926,218.45
15.9138770217729,218.81
15.9210770678532,219.13
15.9282771139335,219.42
15.9354771600138,219.69
15.9426772060941,219.95
15.9498772521744,220.2
15.9570772982547,220.48
15.964277344335,220.8
15.9714773904153,221.16
15.9786774364956,221.57
15.9858774825759,222.01
15.9930775286562,222.49
16.0002775747365,222.98
16.0074776208168,223.48
16.0146776668971,223.98
16.0218777129774,224.46
16.0290777590577,224.91
16.036277805138,225.33
16.0434778512182,225.72
16.0506778972985,226.06
16.0578779433788,226.35
16.0650779894591,226.59
16.0722780355394,226.8
16.0794780816197,226.99
16.0866781277,227.19
16.0938781737803,227.43
16.1010782198606,227.72
16.1082782659409,228.07
16.1154783120212,228.5
16.1226783581015,228.98
16.1298784041818,229.5
16.1370784502621,230.04
16.1442784963424,230.55
16.1514785424227,231.03
16.158678588503,231.48
16.1658786345833,231.89
16.1730786806636,232.27
16.1802787267439,232.63
16.1874787728241,232.98
16.1946788189044,233.33
16.2018788649847,233.67
16.209078911065,234.02
16.2162789571453,234.36
16.2234790032256,234.69
16.2306790493059,235.01
16.2378790953862,235.32
16.2450791414665,235.63
16.2522791875468,235.93
16.2594792336271,236.24
16.2666792797074,236.56
16.2738793257877,236.89
16.281079371868,237.23
16.2882794179483,237.58
16.2954794640286,237.92
16.3026795101089,238.24
16.3098795561892,238.53
16.3170796022695,238.79
16.3242796483498,239.02
16.33147969443,239.23
16.3386797405103,239.44
16.3458797865906,239.67
16.3530798326709,239.94
16.3602798787512,240.28
16.3674799248315,240.69
16.3746799709118,241.16
16.3818800169921,241.7
16.3890800630724,242.27
16.3962801091527,242.87
16.403480155233,243.47
16.4106802013133,244.06
16.4178802473936,244.61
16.4250802934739,245.11
16.4322803395542,245.56
16.4394803856345,245.96
16.4466804317148,246.33
16.4538804777951,246.69
16.4610805238754,247.05
16.4682805699556,247.45
16.4754806160359,247.9
16.4826806621162,248.41
16.4898807081965,248.97
16.4970807542768,249.57
16.5042808003571,250.2
16.5114808464374,250.81
16.5186808925177,251.39
16.525880938598,251.89
16.5330809846783,252.32
16.5402810307586,252.67
16.5474810768389,252.96
16.5546811229192,253.19
16.5618811689995,253.41
16.5690812150798,253.63
16.5762812611601,253.87
16.5834813072404,254.16
16.5906813533207,254.48
16.597881399401,254.81
16.6050814454813,255.14
16.6122814915615,255.45
16.6194815376418,255.72
16.6266815837221,255.95
16.6338816298024,256.14
16.6410816758827,256.3
16.648281721963,256.44
16.6554817680433,256.6
16.6626818141236,256.78
16.6698818602039,257.02
16.6770819062842,257.31
16.6842819523645,257.64
16.6914819984448,258.01
16.6986820445251,258.4
16.7058820906054,258.78
16.7130821366857,259.15
16.720282182766,259.49
16.7274822288463,259.79
16.7346822749266,260.05
16.7418823210069,260.26
16.7490823670872,260.44
16.7562824131674,260.6
16.7634824592477,260.75
16.770682505328,260.89
16.7778825514083,261.04
16.7850825974886,261.23
16.7922826435689,261.45
16.7994826896492,261.72
16.8066827357295,262.04
16.8138827818098,262.4
16.8210828278901,262.77
16.8282828739704,263.16
16.8354829200507,263.54
16.842682966131,263.9
16.8498830122113,264.23
16.8570830582916,264.52
16.8642831043719,264.79
16.8714831504522,265.03
16.8786831965325,265.25
16.8858832426128,265.45
16.893083288693,265.63
16.9002833347733,265.78
16.9074833808536,265.9
16.9146834269339,266.01
16.9218834730142,266.1
16.9290835190945,266.19
16.9362835651748,266.29
16.9434836112551,266.42
16.9506836573354,266.58
16.9578837034157,266.77
16.965083749496,266.96
16.9722837955763,267.17
16.9794838416566,267.35
16.9866838877369,267.52
16.9938839338172,267.66
17.0010839798975,267.79
17.0082840259778,267.92
17.0154840720581,268.08
17.0226841181384,268.28
17.0298841642187,268.54
17.0370842102989,268.87
17.0442842563792,269.26
17.0514843024595,269.69
17.0586843485398,270.14
17.0658843946201,270.57
17.0730844407004,270.98
17.0802844867807,271.35
17.087484532861,271.71
17.0946845789413,272.06
17.1018846250216,272.44
17.1090846711019,272.86
17.1162847171822,273.35
17.1234847632625,273.91
17.1306848093428,274.51
17.1378848554231,275.13
17.1450849015034,275.75
17.1522849475837,276.33
17.159484993664,276.85
17.1666850397443,277.3
17.1738850858246,277.68
17.1810851319048,278.01
17.1882851779851,278.31
17.1954852240654,278.61
17.2026852701457,278.9
17.209885316226,279.18
17.2170853623063,279.46
17.2242854083866,279.74
17.2314854544669,280
17.2386855005472,280.26
17.2458855466275,280.51
17.2530855927078,280.77
17.2602856387881,281.07
17.2674856848684,281.41
17.2746857309487,281.81
17.281885777029,282.28
17.2890858231093,282.79
17.2962858691896,283.35
17.3034859152699,283.94
17.3106859613502,284.56
17.3178860074304,285.22
17.3250860535107,285.91
17.332286099591,286.65
17.3394861456713,287.44
17.3466861917516,288.3
17.3538862378319,289.22
17.3610862839122,290.21
17.3682863299925,291.25
17.3754863760728,292.35
17.3826864221531,293.5
17.3898864682334,294.7
17.3970865143137,295.95
17.404286560394,297.22
17.4114866064743,298.51
17.4186866525546,299.79
17.4258866986349,301.04
17.4330867447152,302.24
17.4402867907955,303.39
17.4474868368758,304.47
17.4546868829561,305.46
17.4618869290363,306.38
17.4690869751166,307.23
17.4762870211969,307.99
17.4834870672772,308.66
17.4906871133575,309.23
17.4978871594378,309.68
17.5050872055181,310.02
17.5122872515984,310.25
17.5194872976787,310.36
17.526687343759,310.38
17.5338873898393,310.33
17.5410874359196,310.22
17.5482874819999,310.08
17.5554875280802,309.91
17.5626875741605,309.73
17.5698876202408,309.53
17.5770876663211,309.32
17.5842877124014,309.1
17.5914877584817,308.87
17.5986878045619,308.61
17.6058878506422,308.35
17.6130878967225,308.07
17.6202879428028,307.8
17.6274879888831,307.54
17.6346880349634,307.29
17.6418880810437,307.07
17.649088127124,306.89
17.6562881732043,306.76
17.6634882192846,306.67
17.6706882653649,306.63
17.6778883114452,306.62
17.6850883575255,306.63
17.6922884036058,306.68
17.6994884496861,306.76
17.7066884957664,306.88
17.7138885418467,307.03
17.721088587927,307.21
17.7282886340073,307.42
17.7354886800875,307.65
17.7426887261678,307.9
17.7498887722481,308.16
17.7570888183284,308.41
17.7642888644087,308.66
17.771488910489,308.89
17.7786889565693,309.14
17.7858890026496,309.41
17.7930890487299,309.71
17.8002890948102,310.05
17.8074891408905,310.43
17.8146891869708,310.84
17.8218892330511,311.28
17.8290892791314,311.71
17.8362893252117,312.14
17.843489371292,312.54
17.8506894173723,312.92
17.8578894634526,313.28
17.8650895095329,313.61
17.8722895556132,313.93
17.8794896016935,314.26
17.8866896477737,314.59
17.893889693854,314.94
17.9010897399343,315.31
17.9082897860146,315.67
17.9154898320949,316.03
17.9226898781752,316.37
17.9298899242555,316.68
17.9370899703358,316.95
17.9442900164161,317.19
17.9514900624964,317.41
17.9586901085767,317.6
17.965890154657,317.78
17.9730902007373,317.93
17.9802902468176,318.08
17.9874902928979,318.19
17.9946903389782,318.27
18.0018903850585,318.29
18.0090904311388,318.24
18.0162904772191,318.12
18.0234905232994,317.95
18.0306905693796,317.74
18.0378906154599,317.51
18.0450906615402,317.27
18.0522907076205,317.04
18.0594907537008,316.83
18.0666907997811,316.66
18.0738908458614,316.51
18.0810908919417,316.38
18.088290938022,316.27
18.0954909841023,316.16
18.1026910301826,316.06
18.1098910762629,315.95
18.1170911223432,315.84
18.1242911684235,315.7
18.1314912145038,315.54
18.1386912605841,315.35
18.1458913066644,315.12
18.1530913527447,314.84
18.160291398825,314.51
18.1674914449052,314.15
18.1746914909855,313.76
18.1818915370658,313.34
18.1890915831461,312.92
18.1962916292264,312.48
18.2034916753067,312.03
18.210691721387,311.54
18.2178917674673,311.01
18.2250918135476,310.42
18.2322918596279,309.79
18.2394919057082,309.1
18.2466919517885,308.38
18.2538919978688,307.65
18.2610920439491,306.93
18.2682920900294,306.25
18.2754921361097,305.67
18.28269218219,305.22
18.2898922282703,304.94
18.2970922743506,304.89
18.3042923204309,305.12
18.3114923665111,305.7
18.3186924125914,306.71
18.3258924586717,308.21
18.333092504752,310.28
18.3402925508323,312.99
18.3474925969126,316.4
18.3546926429929,320.6
18.3618926890732,325.68
18.3690927351535,331.73
18.3762927812338,338.86
18.3834928273141,347.21
18.3906928733944,356.95
18.3978929194747,368.27
18.405092965555,381.4
18.4122930116353,396.59
18.4194930577156,414.12
18.4266931037959,434.32
18.4338931498762,457.57
18.4410931959565,484.27
18.4482932420368,514.87
18.455493288117,549.89
18.4626933341973,589.87
18.4698933802776,635.39
18.4770934263579,687.07
18.4842934724382,745.55
18.4914935185185,811.48
18.4986935645988,885.49
18.5058936106791,968.2
18.5130936567594,1060.18
18.5202937028397,1161.93
18.52749374892,1273.84
18.5346937950003,1396.17
18.5418938410806,1529.03
18.5490938871609,1672.35
18.5562939332412,1825.82
18.5634939793215,1988.88
18.5706940254018,2160.73
18.5778940714821,2340.31
18.5850941175624,2526.29
18.5922941636426,2717.09
18.5994942097229,2910.86
18.6066942558032,3105.57
18.6138943018835,3299
18.6210943479638,3488.78
18.6282943940441,3672.5
18.6354944401244,3847.7
18.6426944862047,4011.98
18.649894532285,4163.08
18.6570945783653,4298.92
18.6642946244456,4417.72
18.6714946705259,4518.02
18.6786947166062,4598.73
18.6858947626865,4659.21
18.6930948087668,4699.29
18.7002948548471,4719.28
18.7074949009274,4719.98
18.7146949470077,4702.66
18.721894993088,4669.06
18.7290950391683,4621.32
18.7362950852485,4561.95
18.7434951313288,4493.76
18.7506951774091,4419.77
18.7578952234894,4343.13
18.7650952695697,4267.03
18.77229531565,4194.66
18.7794953617303,4129.08
18.7866954078106,4073.16
18.7938954538909,4029.5
18.8010954999712,4000.36
18.8082955460515,3987.65
18.8154955921318,3992.84
18.8226956382121,4016.95
18.8298956842924,4060.52
18.8370957303727,4123.6
18.844295776453,4205.78
18.8514958225333,4306.17
18.8586958686136,4423.48
18.8658959146939,4555.95
18.8730959607741,4701.51
18.8802960068544,4857.74
18.8874960529347,5021.99
18.894696099015,5191.36
18.9018961450953,5362.82
18.9090961911756,5533.27
18.9162962372559,5699.56
18.9234962833362,5858.57
18.9306963294165,6007.27
18.9378963754968,6142.76
18.9450964215771,6262.33
18.9522964676574,6363.5
18.9594965137377,6444.07
18.966696559818,6502.18
18.9738966058983,6536.35
18.9810966519786,6545.49
18.9882966980589,6528.96
18.9954967441392,6486.56
19.0026967902195,6418.52
19.0098968362998,6325.51
19.01709688238,6208.55
19.0242969284603,6069.08
19.0314969745406,5908.79
19.0386970206209,5729.67
19.0458970667012,5533.9
19.0530971127815,5323.83
19.0602971588618,5101.94
19.0674972049421,4870.77
19.0746972510224,4632.9
19.0818972971027,4390.85
19.089097343183,4147.1
19.0962973892633,3903.97
19.1034974353436,3663.65
19.1106974814239,3428.11
19.1178975275042,3199.08
19.1250975735845,2978.07
19.1322976196648,2766.29
19.1394976657451,2564.72
19.1466977118254,2374.11
19.1538977579056,2194.97
19.1610978039859,2027.62
19.1682978500662,1872.17
19.1754978961465,1728.58
19.1826979422268,1596.66
19.1898979883071,1476.11
19.1970980343874,1366.49
19.2042980804677,1267.33
19.211498126548,1178.05
19.2186981726283,1098.04
19.2258982187086,1026.67
19.2330982647889,963.29
19.2402983108692,907.27
19.2474983569495,858
19.2546984030298,814.89
19.2618984491101,777.4
19.2690984951904,745.02
19.2762985412707,717.28
19.283498587351,693.76
19.2906986334313,674.06
19.2978986795115,657.78
19.3050987255918,644.58
19.3122987716721,634.11
19.3194988177524,626.04
19.3266988638327,620.07
19.333898909913,615.91
19.3410989559933,613.29
19.3482990020736,611.98
19.3554990481539,611.75
19.3626990942342,612.41
19.3698991403145,613.77
19.3770991863948,615.64
19.3842992324751,617.84
19.3914992785554,620.24
19.3986993246357,622.66
19.405899370716,625.01
19.4130994167963,627.17
19.4202994628766,629.06
19.4274995089569,630.62
19.4346995550371,631.8
19.4418996011174,632.58
19.4490996471977,632.91
19.456299693278,632.76
19.4634997393583,632.08
19.4706997854386,630.83
19.4778998315189,628.96
19.4850998775992,626.45
19.4922999236795,623.27
19.4994999697598,619.41
19.5067000158401,614.89
19.5139000619204,609.74
19.5211001080007,604.04
19.528300154081,597.86
19.5355002001613,591.27
19.5427002462416,584.38
19.5499002923219,577.24
19.5571003384022,569.94
19.5643003844825,562.54
19.5715004305628,555.1
19.5787004766431,547.64
19.5859005227233,540.21
19.5931005688036,532.81
19.6003006148839,525.49
19.6075006609642,518.29
19.6147007070445,511.23
19.6219007531248,504.35
19.6291007992051,497.67
19.6363008452854,491.24
19.6435008913657,485.09
19.650700937446,479.23
19.6579009835263,473.69
19.6651010296066,468.49
19.6723010756869,463.61
19.6795011217672,459.07
19.6867011678475,454.84
19.6939012139278,450.92
19.7011012600081,447.3
19.7083013060884,443.94
19.7155013521687,440.86
19.7227013982489,438.04
19.7299014443292,435.51
19.7371014904095,433.28
19.7443015364898,431.37
19.7515015825701,429.77
19.7587016286504,428.49
19.7659016747307,427.51
19.773101720811,426.81
19.7803017668913,426.33
19.7875018129716,426.02
19.7947018590519,425.85
19.8019019051322,425.76
19.8091019512125,425.73
19.8163019972928,425.76
19.8235020433731,425.83
19.8307020894534,425.93
19.8379021355337,426.06
19.845102181614,426.22
19.8523022276943,426.39
19.8595022737745,426.53
19.8667023198548,426.62
19.8739023659351,426.61
19.8811024120154,426.47
19.8883024580957,426.16
19.895502504176,425.67
19.9027025502563,424.99
19.9099025963366,424.12
19.9171026424169,423.08
19.9243026884972,421.88
19.9315027345775,420.53
19.9387027806578,419.04
19.9459028267381,417.38
19.9531028728184,415.54
19.9603029188987,413.49
19.967502964979,411.2
19.9747030110593,408.65
19.9819030571396,405.82
19.9891031032199,402.69
19.9963031493002,399.27
20.0035031953804,395.55
20.0107032414607,391.55
20.017903287541,387.28
20.0251033336213,382.75
20.0323033797016,377.95
20.0395034257819,372.87
20.0467034718622,367.5
20.0539035179425,361.78
20.0611035640228,355.66
20.0683036101031,349.07
20.0755036561834,341.94
20.0827037022637,334.17
20.089903748344,325.68
20.0971037944243,316.4
20.1043038405046,306.25
20.1115038865849,295.14
20.1187039326652,282.97
20.1259039787455,269.65
20.1331040248258,255.03
20.1403040709061,238.99
20.1475041169863,221.36
20.1547041630666,201.98
20.1619042091469,180.68
20.1691042552272,157.3
20.1763043013075,131.66
20.1835043473878,103.59
20.1907043934681,72.92
20.1979044395484,39.48
20.2051044856287,3.09
20.212304531709,-36.42
20.2195045777893,-79.22
20.2267046238696,-125.45
20.2339046699499,-175.22
20.2411047160302,-228.58
20.2483047621105,-285.6
20.2555048081908,-346.28
20.2627048542711,-410.62
20.2699049003514,-478.54
20.2771049464317,-549.98
20.284304992512,-624.8
20.2915050385922,-702.85
20.2987050846725,-783.93
20.3059051307528,-867.79
20.3131051768331,-954.12
20.3203052229134,-1042.56
20.3275052689937,-1132.7
20.334705315074,-1224.1
20.3419053611543,-1316.26
20.3491054072346,-1408.64
20.3563054533149,-1500.69
20.3635054993952,-1591.79
20.3707055454755,-1681.32
20.3779055915558,-1768.66
20.3851056376361,-1853.13
20.3923056837164,-1934.07
20.3995057297967,-2010.82
20.406705775877,-2082.74
20.4139058219573,-2149.23
20.4211058680376,-2209.71
20.4283059141178,-2263.65
20.4355059601981,-2310.55
20.4427060062784,-2349.96
20.4499060523587,-2381.52
20.457106098439,-2404.93
20.4643061445193,-2419.95
20.4715061905996,-2426.42
20.4787062366799,-2424.23
20.4859062827602,-2413.4
20.4931063288405,-2394
20.5003063749208,-2366.22
20.5075064210011,-2330.29
20.5147064670814,-2286.54
20.5219065131617,-2235.35
20.529106559242,-2177.19
20.5363066053223,-2112.56
20.5435066514026,-2042.08
20.5507066974829,-1966.35
20.5579067435632,-1886.02
20.5651067896435,-1801.74
20.5723068357237,-1714.17
20.579506881804,-1623.98
20.5867069278843,-1531.8
20.5939069739646,-1438.26
20.6011070200449,-1343.94
20.6083070661252,-1249.4
20.6155071122055,-1155.18
20.6227071582858,-1061.81
20.6299072043661,-969.77
20.6371072504464,-879.53
20.6443072965267,-791.48
20.651507342607,-706.01
20.6587073886873,-623.45
20.6659074347676,-544.08
20.6731074808479,-468.14
20.6803075269282,-395.82
20.6875075730085,-327.23
20.6947076190888,-262.47
20.7019076651691,-201.56
20.7091077112494,-144.5
20.7163077573296,-91.21
20.7235078034099,-41.6
20.7307078494902,4.46
20.7379078955705,47.11
20.7451079416508,86.52
20.7523079877311,122.81
20.7595080338114,156.14
20.7667080798917,186.65
20.773908125972,214.48
20.7811081720523,239.77
20.7883082181326,262.68
20.7955082642129,283.39
20.8027083102932,302.06
20.8099083563735,318.86
20.8171084024538,333.96
20.8243084485341,347.52
20.8315084946144,359.69
20.8387085406947,370.61
20.845908586775,380.38
20.8531086328552,389.1
20.8603086789355,396.87
20.8675087250158,403.79
20.8747087710961,409.94
20.8819088171764,415.39
20.8891088632567,420.2
20.896308909337,424.42
20.9035089554173,428.12
20.9107090014976,431.35
20.9179090475779,434.16
20.9251090936582,436.58
20.9323091397385,438.67
20.9395091858188,440.48
20.9467092318991,442.03
20.9539092779794,443.36
20.9611093240597,444.5
20.96830937014,445.45
20.9755094162203,446.24
20.9827094623006,446.88
20.9899095083809,447.37
20.9971095544611,447.73
21.0043096005414,447.97
21.0115096466217,448.12
21.018709692702,448.19
21.0259097387823,448.17
21.0331097848626,448.08
21.0403098309429,447.91
21.0475098770232,447.66
21.0547099231035,447.33
21.0619099691838,446.92
21.0691100152641,446.44
21.0763100613444,445.9
21.0835101074247,445.3
21.090710153505,444.66
21.0979101995853,444
21.1051102456656,443.31
21.1123102917459,442.58
21.1195103378262,441.82
21.1267103839065,441.01
21.1339104299868,440.17
21.141110476067,439.29
21.1483105221473,438.4
21.1555105682276,437.51
21.1627106143079,436.64
21.1699106603882,435.81
21.1771107064685,435.05
21.1843107525488,434.39
21.1915107986291,433.84
21.1987108447094,433.4
21.2059108907897,433.08
21.21311093687,432.88
21.2203109829503,432.84
21.2275110290306,432.94
21.2347110751109,433.19
21.2419111211912,433.58
21.2491111672715,434.1
21.2563112133518,434.76
21.2635112594321,435.56
21.2707113055124,436.48
21.2779113515926,437.51
21.2851113976729,438.66
21.2923114437532,439.91
21.2995114898335,441.28
21.3067115359138,442.76
21.3139115819941,444.33
21.3211116280744,445.98
21.3283116741547,447.68
21.335511720235,449.41
21.3427117663153,451.15
21.3499118123956,452.9
21.3571118584759,454.65
21.3643119045562,456.41
21.3715119506365,458.17
21.3787119967168,459.95
21.3859120427971,461.76
21.3931120888774,463.61
21.4003121349577,465.51
21.407512181038,467.44
21.4147122271183,469.41
21.4219122731985,471.39
21.4291123192788,473.4
21.4363123653591,475.42
21.4435124114394,477.42
21.4507124575197,479.39
21.4579125036,481.29
21.4651125496803,483.11
21.4723125957606,484.81
21.4795126418409,486.41
21.4867126879212,487.89
21.4939127340015,489.27
21.5011127800818,490.58
21.5083128261621,491.85
21.5155128722424,493.1
21.5227129183227,494.34
21.529912964403,495.58
21.5371130104833,496.8
21.5443130565636,497.97
21.5515131026439,499.08
21.5587131487242,500.1
21.5659131948044,501.04
21.5731132408847,501.89
21.580313286965,502.65
21.5875133330453,503.34
21.5947133791256,503.98
21.6019134252059,504.58
21.6091134712862,505.16
21.6163135173665,505.71
21.6235135634468,506.23
21.6307136095271,506.69
21.6379136556074,507.11
21.6451137016877,507.48
21.652313747768,507.81
21.6595137938483,508.1
21.6667138399286,508.38
21.6739138860089,508.66
21.6811139320892,508.99
21.6883139781695,509.36
21.6955140242498,509.79
21.70271407033,510.28
21.7099141164103,510.8
21.7171141624906,511.33
21.7243142085709,511.86
21.7315142546512,512.36
21.7387143007315,512.82
21.7459143468118,513.23
21.7531143928921,513.6
21.7603144389724,513.94
21.7675144850527,514.26
21.774714531133,514.56
21.7819145772133,514.86
21.7891146232936,515.16
21.7963146693739,515.49
21.8035147154542,515.85
21.8107147615345,516.26
21.8179148076148,516.72
21.8251148536951,517.22
21.8323148997754,517.77
21.8395149458557,518.35
21.8467149919359,518.96
21.8539150380162,519.56
21.8611150840965,520.14
21.8683151301768,520.7
21.8755151762571,521.24
21.8827152223374,521.74
21.8899152684177,522.22
21.897115314498,522.67
21.9043153605783,523.2
21.9115154066586,523.99
21.9187154527389,525.32
21.9259154988192,527.42
21.9331155448995,530.37
21.9403155909798,534.05
21.9475156370601,538.18
21.9547156831404,542.37
21.9619157292207,546.14
